[{"pk": 1, "model": "contenttypes.contenttype", "fields": {"model": "logentry", "name": "log entry", "app_label": "admin"}}, {"pk": 2, "model": "contenttypes.contenttype", "fields": {"model": "permission", "name": "permission", "app_label": "auth"}}, {"pk": 3, "model": "contenttypes.contenttype", "fields": {"model": "group", "name": "group", "app_label": "auth"}}, {"pk": 4, "model": "contenttypes.contenttype", "fields": {"model": "user", "name": "user", "app_label": "auth"}}, {"pk": 5, "model": "contenttypes.contenttype", "fields": {"model": "contenttype", "name": "content type", "app_label": "contenttypes"}}, {"pk": 6, "model": "contenttypes.contenttype", "fields": {"model": "session", "name": "session", "app_label": "sessions"}}, {"pk": 7, "model": "contenttypes.contenttype", "fields": {"model": "migrationhistory", "name": "migration history", "app_label": "south"}}, {"pk": 8, "model": "contenttypes.contenttype", "fields": {"model": "item", "name": "item", "app_label": "public"}}, {"pk": 9, "model": "contenttypes.contenttype", "fields": {"model": "weapon", "name": "weapon", "app_label": "public"}}, {"pk": 10, "model": "contenttypes.contenttype", "fields": {"model": "skill", "name": "skill", "app_label": "public"}}, {"pk": 11, "model": "contenttypes.contenttype", "fields": {"model": "race", "name": "race", "app_label": "public"}}, {"pk": 12, "model": "contenttypes.contenttype", "fields": {"model": "nationality", "name": "nationality", "app_label": "public"}}, {"pk": 13, "model": "contenttypes.contenttype", "fields": {"model": "characterclass", "name": "character class", "app_label": "public"}}, {"pk": 14, "model": "contenttypes.contenttype", "fields": {"model": "character", "name": "character", "app_label": "public"}}, {"pk": 15, "model": "contenttypes.contenttype", "fields": {"model": "player", "name": "user", "app_label": "public"}}, {"pk": 16, "model": "contenttypes.contenttype", "fields": {"model": "encounter", "name": "encounter", "app_label": "public"}}, {"pk": 17, "model": "contenttypes.contenttype", "fields": {"model": "scenario", "name": "scenario", "app_label": "public"}}, {"pk": 18, "model": "contenttypes.contenttype", "fields": {"model": "chapter", "name": "chapter", "app_label": "public"}}, {"pk": 19, "model": "contenttypes.contenttype", "fields": {"model": "game", "name": "game", "app_label": "public"}}, {"pk": "jt3rlpp4rr5d889014f1wpmohsapw50c", "model": "sessions.session", "fields": {"expire_date": "2014-08-13T17:16:05.309Z", "session_data": "YmI5YjhkNjc5MmYxMzFjZjcyYjc1NGE4NjY0MThjYTRjMTA1OWNjNjp7Il9hdXRoX3VzZXJfYmFja2VuZCI6ImRqYW5nby5jb250cmliLmF1dGguYmFja2VuZHMuTW9kZWxCYWNrZW5kIiwiX2F1dGhfdXNlcl9pZCI6MX0="}}, {"pk": "k2bx2nadpsdmu1i9ji06nphysvcvi1wg", "model": "sessions.session", "fields": {"expire_date": "2014-08-13T00:09:48.153Z", "session_data": "YmI5YjhkNjc5MmYxMzFjZjcyYjc1NGE4NjY0MThjYTRjMTA1OWNjNjp7Il9hdXRoX3VzZXJfYmFja2VuZCI6ImRqYW5nby5jb250cmliLmF1dGguYmFja2VuZHMuTW9kZWxCYWNrZW5kIiwiX2F1dGhfdXNlcl9pZCI6MX0="}}, {"pk": 1, "model": "public.item", "fields": {"name": "none"}}, {"pk": 2, "model": "public.item", "fields": {"name": "80 Gold"}}, {"pk": 3, "model": "public.item", "fields": {"name": "Healing Potion"}}, {"pk": 4, "model": "public.item", "fields": {"name": "5 Silver"}}, {"pk": 5, "model": "public.item", "fields": {"name": "5 More Silver"}}, {"pk": 6, "model": "public.item", "fields": {"name": "Crown"}}, {"pk": 7, "model": "public.item", "fields": {"name": "Crown-Magic"}}, {"pk": 8, "model": "public.item", "fields": {"name": "80 Silver"}}, {"pk": 9, "model": "public.item", "fields": {"name": "Sword"}}, {"pk": 10, "model": "public.item", "fields": {"name": "Bow"}}, {"pk": 1, "model": "public.skill", "fields": {"name": "none"}}, {"pk": 2, "model": "public.skill", "fields": {"name": "Magic-Putrid Filth"}}, {"pk": 1, "model": "public.race", "fields": {"name": "none"}}, {"pk": 1, "model": "public.nationality", "fields": {"name": "none"}}, {"pk": 1, "model": "public.characterclass", "fields": {"name": "Beast"}}, {"pk": 2, "model": "public.characterclass", "fields": {"name": "Elf"}}, {"pk": 3, "model": "public.characterclass", "fields": {"name": "Fool"}}, {"pk": 1, "model": "public.character", "fields": {"name": "Wild Rat", "character_class": "Beast", "color": "orange", "weapon": "none", "maxHealth": 20, "skills": [1], "race": 1, "health": 20, "inventory": [1], "nationality": 1, "sprite": "img/rat_small.png"}}, {"pk": 2, "model": "public.character", "fields": {"name": "Wild Rat 2", "character_class": "Beast", "color": "green", "weapon": "none", "maxHealth": 20, "skills": [1], "race": 1, "health": 20, "inventory": [1], "nationality": 1, "sprite": "img/rat_small.png"}}, {"pk": 3, "model": "public.character", "fields": {"name": "Venomous Rat 1", "character_class": "Beast", "color": "blue", "weapon": "none", "maxHealth": 20, "skills": [1], "race": 1, "health": 20, "inventory": [1], "nationality": 1, "sprite": "img/rat_small.png"}}, {"pk": 4, "model": "public.character", "fields": {"name": "Venomous Rat 2", "character_class": "Beast", "color": "yellow", "weapon": "none", "maxHealth": 20, "skills": [1], "race": 1, "health": 20, "inventory": [1], "nationality": 1, "sprite": "img/rat_small.png"}}, {"pk": 5, "model": "public.character", "fields": {"name": "Venomous Rat 3", "character_class": "Beast", "color": "red", "weapon": "none", "maxHealth": 20, "skills": [1], "race": 1, "health": 20, "inventory": [1], "nationality": 1, "sprite": "img/rat_small.png"}}, {"pk": 6, "model": "public.character", "fields": {"name": "Venomous Rat 4", "character_class": "Beast", "color": "purple", "weapon": "none", "maxHealth": 20, "skills": [1], "race": 1, "health": 20, "inventory": [1], "nationality": 1, "sprite": "img/rat_small.png"}}, {"pk": 7, "model": "public.character", "fields": {"name": "Wild Rat 3", "character_class": "Beast", "color": "blue", "weapon": "none", "maxHealth": 20, "skills": [1], "race": 1, "health": 20, "inventory": [1], "nationality": 1, "sprite": "img/rat_small.png"}}, {"pk": 8, "model": "public.character", "fields": {"name": "Wild Rat 4", "character_class": "Beast", "color": "yellow", "weapon": "none", "maxHealth": 20, "skills": [1], "race": 1, "health": 20, "inventory": [1], "nationality": 1, "sprite": "img/rat_small.png"}}, {"pk": 9, "model": "public.character", "fields": {"name": "Rat Queen", "character_class": "Beast", "color": "purple", "weapon": "none", "maxHealth": 30, "skills": [1], "race": 1, "health": 30, "inventory": [6], "nationality": 1, "sprite": "img/rat_small.png"}}, {"pk": 10, "model": "public.character", "fields": {"name": "Rat King", "character_class": "Beast", "color": "red", "weapon": "none", "maxHealth": 40, "skills": [2], "race": 1, "health": 40, "inventory": [7], "nationality": 1, "sprite": "img/rat_small.png"}}, {"pk": 11, "model": "public.character", "fields": {"name": "Buddy", "character_class": "Beast", "color": "orange", "weapon": "none", "maxHealth": 30, "skills": [1], "race": 1, "health": 30, "inventory": [1], "nationality": 1, "sprite": "img/char3_small.png"}}, {"pk": 12, "model": "public.character", "fields": {"name": "Doofus McGoofus", "character_class": "Fool", "color": "purple", "weapon": "none", "maxHealth": 30, "skills": [1], "race": 1, "health": 30, "inventory": [4], "nationality": 1, "sprite": "img/char2_small.png"}}, {"pk": 1, "model": "public.encounter", "fields": {"items": [1, 2, 3], "name": "1st Battle", "characters": [1, 2]}}, {"pk": 2, "model": "public.encounter", "fields": {"items": [4, 5], "name": "2nd Battle", "characters": [3, 4, 5, 6]}}, {"pk": 3, "model": "public.encounter", "fields": {"items": [8], "name": "3rd Battle", "characters": [1, 2, 7, 8, 9, 10]}}, {"pk": 1, "model": "public.scenario", "fields": {"encounters": [1, 2, 3], "name": "Den of Wild Rats"}}, {"pk": 1, "model": "public.chapter", "fields": {"name": "Chapter 1", "scenario": [1]}}, {"pk": 1, "model": "south.migrationhistory", "fields": {"applied": "2014-07-30T00:09:35.778Z", "app_name": "public", "migration": "0001_initial"}}, {"pk": 2, "model": "south.migrationhistory", "fields": {"applied": "2014-07-30T00:49:59.609Z", "app_name": "public", "migration": "0002_auto__chg_field_characterclass_name__chg_field_character_sprite__chg_f"}}, {"pk": 3, "model": "south.migrationhistory", "fields": {"applied": "2014-07-30T17:04:54.366Z", "app_name": "public", "migration": "0003_auto__add_field_character_color"}}, {"pk": 1, "model": "auth.permission", "fields": {"codename": "add_logentry", "name": "Can add log entry", "content_type": 1}}, {"pk": 2, "model": "auth.permission", "fields": {"codename": "change_logentry", "name": "Can change log entry", "content_type": 1}}, {"pk": 3, "model": "auth.permission", "fields": {"codename": "delete_logentry", "name": "Can delete log entry", "content_type": 1}}, {"pk": 4, "model": "auth.permission", "fields": {"codename": "add_permission", "name": "Can add permission", "content_type": 2}}, {"pk": 5, "model": "auth.permission", "fields": {"codename": "change_permission", "name": "Can change permission", "content_type": 2}}, {"pk": 6, "model": "auth.permission", "fields": {"codename": "delete_permission", "name": "Can delete permission", "content_type": 2}}, {"pk": 7, "model": "auth.permission", "fields": {"codename": "add_group", "name": "Can add group", "content_type": 3}}, {"pk": 8, "model": "auth.permission", "fields": {"codename": "change_group", "name": "Can change group", "content_type": 3}}, {"pk": 9, "model": "auth.permission", "fields": {"codename": "delete_group", "name": "Can delete group", "content_type": 3}}, {"pk": 10, "model": "auth.permission", "fields": {"codename": "add_user", "name": "Can add user", "content_type": 4}}, {"pk": 11, "model": "auth.permission", "fields": {"codename": "change_user", "name": "Can change user", "content_type": 4}}, {"pk": 12, "model": "auth.permission", "fields": {"codename": "delete_user", "name": "Can delete user", "content_type": 4}}, {"pk": 13, "model": "auth.permission", "fields": {"codename": "add_contenttype", "name": "Can add content type", "content_type": 5}}, {"pk": 14, "model": "auth.permission", "fields": {"codename": "change_contenttype", "name": "Can change content type", "content_type": 5}}, {"pk": 15, "model": "auth.permission", "fields": {"codename": "delete_contenttype", "name": "Can delete content type", "content_type": 5}}, {"pk": 16, "model": "auth.permission", "fields": {"codename": "add_session", "name": "Can add session", "content_type": 6}}, {"pk": 17, "model": "auth.permission", "fields": {"codename": "change_session", "name": "Can change session", "content_type": 6}}, {"pk": 18, "model": "auth.permission", "fields": {"codename": "delete_session", "name": "Can delete session", "content_type": 6}}, {"pk": 19, "model": "auth.permission", "fields": {"codename": "add_migrationhistory", "name": "Can add migration history", "content_type": 7}}, {"pk": 20, "model": "auth.permission", "fields": {"codename": "change_migrationhistory", "name": "Can change migration history", "content_type": 7}}, {"pk": 21, "model": "auth.permission", "fields": {"codename": "delete_migrationhistory", "name": "Can delete migration history", "content_type": 7}}, {"pk": 22, "model": "auth.permission", "fields": {"codename": "add_item", "name": "Can add item", "content_type": 8}}, {"pk": 23, "model": "auth.permission", "fields": {"codename": "change_item", "name": "Can change item", "content_type": 8}}, {"pk": 24, "model": "auth.permission", "fields": {"codename": "delete_item", "name": "Can delete item", "content_type": 8}}, {"pk": 25, "model": "auth.permission", "fields": {"codename": "add_weapon", "name": "Can add weapon", "content_type": 9}}, {"pk": 26, "model": "auth.permission", "fields": {"codename": "change_weapon", "name": "Can change weapon", "content_type": 9}}, {"pk": 27, "model": "auth.permission", "fields": {"codename": "delete_weapon", "name": "Can delete weapon", "content_type": 9}}, {"pk": 28, "model": "auth.permission", "fields": {"codename": "add_skill", "name": "Can add skill", "content_type": 10}}, {"pk": 29, "model": "auth.permission", "fields": {"codename": "change_skill", "name": "Can change skill", "content_type": 10}}, {"pk": 30, "model": "auth.permission", "fields": {"codename": "delete_skill", "name": "Can delete skill", "content_type": 10}}, {"pk": 31, "model": "auth.permission", "fields": {"codename": "add_race", "name": "Can add race", "content_type": 11}}, {"pk": 32, "model": "auth.permission", "fields": {"codename": "change_race", "name": "Can change race", "content_type": 11}}, {"pk": 33, "model": "auth.permission", "fields": {"codename": "delete_race", "name": "Can delete race", "content_type": 11}}, {"pk": 34, "model": "auth.permission", "fields": {"codename": "add_nationality", "name": "Can add nationality", "content_type": 12}}, {"pk": 35, "model": "auth.permission", "fields": {"codename": "change_nationality", "name": "Can change nationality", "content_type": 12}}, {"pk": 36, "model": "auth.permission", "fields": {"codename": "delete_nationality", "name": "Can delete nationality", "content_type": 12}}, {"pk": 37, "model": "auth.permission", "fields": {"codename": "add_characterclass", "name": "Can add character class", "content_type": 13}}, {"pk": 38, "model": "auth.permission", "fields": {"codename": "change_characterclass", "name": "Can change character class", "content_type": 13}}, {"pk": 39, "model": "auth.permission", "fields": {"codename": "delete_characterclass", "name": "Can delete character class", "content_type": 13}}, {"pk": 40, "model": "auth.permission", "fields": {"codename": "add_character", "name": "Can add character", "content_type": 14}}, {"pk": 41, "model": "auth.permission", "fields": {"codename": "change_character", "name": "Can change character", "content_type": 14}}, {"pk": 42, "model": "auth.permission", "fields": {"codename": "delete_character", "name": "Can delete character", "content_type": 14}}, {"pk": 43, "model": "auth.permission", "fields": {"codename": "add_player", "name": "Can add user", "content_type": 15}}, {"pk": 44, "model": "auth.permission", "fields": {"codename": "change_player", "name": "Can change user", "content_type": 15}}, {"pk": 45, "model": "auth.permission", "fields": {"codename": "delete_player", "name": "Can delete user", "content_type": 15}}, {"pk": 46, "model": "auth.permission", "fields": {"codename": "add_encounter", "name": "Can add encounter", "content_type": 16}}, {"pk": 47, "model": "auth.permission", "fields": {"codename": "change_encounter", "name": "Can change encounter", "content_type": 16}}, {"pk": 48, "model": "auth.permission", "fields": {"codename": "delete_encounter", "name": "Can delete encounter", "content_type": 16}}, {"pk": 49, "model": "auth.permission", "fields": {"codename": "add_scenario", "name": "Can add scenario", "content_type": 17}}, {"pk": 50, "model": "auth.permission", "fields": {"codename": "change_scenario", "name": "Can change scenario", "content_type": 17}}, {"pk": 51, "model": "auth.permission", "fields": {"codename": "delete_scenario", "name": "Can delete scenario", "content_type": 17}}, {"pk": 52, "model": "auth.permission", "fields": {"codename": "add_chapter", "name": "Can add chapter", "content_type": 18}}, {"pk": 53, "model": "auth.permission", "fields": {"codename": "change_chapter", "name": "Can change chapter", "content_type": 18}}, {"pk": 54, "model": "auth.permission", "fields": {"codename": "delete_chapter", "name": "Can delete chapter", "content_type": 18}}, {"pk": 55, "model": "auth.permission", "fields": {"codename": "add_game", "name": "Can add game", "content_type": 19}}, {"pk": 56, "model": "auth.permission", "fields": {"codename": "change_game", "name": "Can change game", "content_type": 19}}, {"pk": 57, "model": "auth.permission", "fields": {"codename": "delete_game", "name": "Can delete game", "content_type": 19}}, {"pk": 1, "model": "auth.user", "fields": {"username": "n", "first_name": "", "last_name": "", "is_active": true, "is_superuser": true, "is_staff": true, "last_login": "2014-07-30T17:16:05.240Z", "groups": [], "user_permissions": [], "password": "pbkdf2_sha256$12000$pDVaqp9NzBzj$yhxDkfFG5hps4GhD73UOSl0/AMKC241xlyvljsFqk1w=", "email": "n@n.com", "date_joined": "2014-07-30T00:09:11.796Z"}}, {"pk": 2, "model": "auth.user", "fields": {"username": "BobDawg", "first_name": "Bob", "last_name": "Clayson", "is_active": true, "is_superuser": false, "is_staff": false, "last_login": "2014-07-30T00:37:27Z", "groups": [], "user_permissions": [], "password": "Borris2099", "email": "jkdclayson@gmail.com", "date_joined": "2014-07-30T00:37:27Z"}}, {"pk": 3, "model": "auth.user", "fields": {"username": "NateDawg", "first_name": "Nate", "last_name": "McNeil", "is_active": true, "is_superuser": false, "is_staff": false, "last_login": "2014-07-30T00:40:38Z", "groups": [], "user_permissions": [], "password": "n", "email": "n@n.com", "date_joined": "2014-07-30T00:40:38Z"}}, {"pk": 2, "model": "public.player", "fields": {"user_permissions": [], "character": 11, "groups": []}}, {"pk": 3, "model": "public.player", "fields": {"user_permissions": [], "character": 12, "groups": []}}, {"pk": 1, "model": "public.game", "fields": {"players": [2], "game_master": "NateDawg", "name": "Game 1", "chapters": [1]}}, {"pk": 1, "model": "admin.logentry", "fields": {"action_flag": 1, "action_time": "2014-07-30T00:12:24.570Z", "object_repr": "none", "object_id": "1", "change_message": "", "user": 1, "content_type": 8}}, {"pk": 2, "model": "admin.logentry", "fields": {"action_flag": 1, "action_time": "2014-07-30T00:13:53.562Z", "object_repr": "none", "object_id": "1", "change_message": "", "user": 1, "content_type": 11}}, {"pk": 3, "model": "admin.logentry", "fields": {"action_flag": 1, "action_time": "2014-07-30T00:13:57.586Z", "object_repr": "none", "object_id": "1", "change_message": "", "user": 1, "content_type": 12}}, {"pk": 4, "model": "admin.logentry", "fields": {"action_flag": 1, "action_time": "2014-07-30T00:14:09.404Z", "object_repr": "Beast", "object_id": "1", "change_message": "", "user": 1, "content_type": 13}}, {"pk": 5, "model": "admin.logentry", "fields": {"action_flag": 1, "action_time": "2014-07-30T00:14:45.995Z", "object_repr": "none", "object_id": "1", "change_message": "", "user": 1, "content_type": 10}}, {"pk": 6, "model": "admin.logentry", "fields": {"action_flag": 1, "action_time": "2014-07-30T00:15:05.872Z", "object_repr": "Wild Rat", "object_id": "1", "change_message": "", "user": 1, "content_type": 14}}, {"pk": 7, "model": "admin.logentry", "fields": {"action_flag": 1, "action_time": "2014-07-30T00:15:27.940Z", "object_repr": "80 Gold", "object_id": "2", "change_message": "", "user": 1, "content_type": 8}}, {"pk": 8, "model": "admin.logentry", "fields": {"action_flag": 1, "action_time": "2014-07-30T00:15:43.056Z", "object_repr": "Healing Potion", "object_id": "3", "change_message": "", "user": 1, "content_type": 8}}, {"pk": 9, "model": "admin.logentry", "fields": {"action_flag": 1, "action_time": "2014-07-30T00:16:26.967Z", "object_repr": "Wild Rat 2", "object_id": "2", "change_message": "", "user": 1, "content_type": 14}}, {"pk": 10, "model": "admin.logentry", "fields": {"action_flag": 1, "action_time": "2014-07-30T00:16:48.187Z", "object_repr": "1st Battle", "object_id": "1", "change_message": "", "user": 1, "content_type": 16}}, {"pk": 11, "model": "admin.logentry", "fields": {"action_flag": 1, "action_time": "2014-07-30T00:18:17.965Z", "object_repr": "5 Silver", "object_id": "4", "change_message": "", "user": 1, "content_type": 8}}, {"pk": 12, "model": "admin.logentry", "fields": {"action_flag": 1, "action_time": "2014-07-30T00:18:43.741Z", "object_repr": "5 More Silver", "object_id": "5", "change_message": "", "user": 1, "content_type": 8}}, {"pk": 13, "model": "admin.logentry", "fields": {"action_flag": 1, "action_time": "2014-07-30T00:19:51.084Z", "object_repr": "Venomous Rat 1", "object_id": "3", "change_message": "", "user": 1, "content_type": 14}}, {"pk": 14, "model": "admin.logentry", "fields": {"action_flag": 1, "action_time": "2014-07-30T00:20:08.005Z", "object_repr": "Venomous Rat 2", "object_id": "4", "change_message": "", "user": 1, "content_type": 14}}, {"pk": 15, "model": "admin.logentry", "fields": {"action_flag": 1, "action_time": "2014-07-30T00:20:56.129Z", "object_repr": "Venomous Rat 3", "object_id": "5", "change_message": "", "user": 1, "content_type": 14}}, {"pk": 16, "model": "admin.logentry", "fields": {"action_flag": 1, "action_time": "2014-07-30T00:21:41.507Z", "object_repr": "Venomous Rat 4", "object_id": "6", "change_message": "", "user": 1, "content_type": 14}}, {"pk": 17, "model": "admin.logentry", "fields": {"action_flag": 1, "action_time": "2014-07-30T00:21:49.204Z", "object_repr": "2nd Battle", "object_id": "2", "change_message": "", "user": 1, "content_type": 16}}, {"pk": 18, "model": "admin.logentry", "fields": {"action_flag": 1, "action_time": "2014-07-30T00:23:03.944Z", "object_repr": "Wild Rat 3", "object_id": "7", "change_message": "", "user": 1, "content_type": 14}}, {"pk": 19, "model": "admin.logentry", "fields": {"action_flag": 1, "action_time": "2014-07-30T00:23:25.115Z", "object_repr": "Wild Rat 4", "object_id": "8", "change_message": "", "user": 1, "content_type": 14}}, {"pk": 20, "model": "admin.logentry", "fields": {"action_flag": 1, "action_time": "2014-07-30T00:25:35.486Z", "object_repr": "Crown", "object_id": "6", "change_message": "", "user": 1, "content_type": 8}}, {"pk": 21, "model": "admin.logentry", "fields": {"action_flag": 1, "action_time": "2014-07-30T00:25:51.682Z", "object_repr": "Rat Queen", "object_id": "9", "change_message": "", "user": 1, "content_type": 14}}, {"pk": 22, "model": "admin.logentry", "fields": {"action_flag": 1, "action_time": "2014-07-30T00:27:24.359Z", "object_repr": "Magic-Putrid Filth", "object_id": "2", "change_message": "", "user": 1, "content_type": 10}}, {"pk": 23, "model": "admin.logentry", "fields": {"action_flag": 1, "action_time": "2014-07-30T00:28:08.614Z", "object_repr": "Crown-Magic", "object_id": "7", "change_message": "", "user": 1, "content_type": 8}}, {"pk": 24, "model": "admin.logentry", "fields": {"action_flag": 1, "action_time": "2014-07-30T00:28:20.147Z", "object_repr": "Rat King", "object_id": "10", "change_message": "", "user": 1, "content_type": 14}}, {"pk": 25, "model": "admin.logentry", "fields": {"action_flag": 1, "action_time": "2014-07-30T00:35:49.582Z", "object_repr": "80 Silver", "object_id": "8", "change_message": "", "user": 1, "content_type": 8}}, {"pk": 26, "model": "admin.logentry", "fields": {"action_flag": 1, "action_time": "2014-07-30T00:35:59.729Z", "object_repr": "3rd Battle", "object_id": "3", "change_message": "", "user": 1, "content_type": 16}}, {"pk": 27, "model": "admin.logentry", "fields": {"action_flag": 1, "action_time": "2014-07-30T00:38:23.190Z", "object_repr": "Elf", "object_id": "2", "change_message": "", "user": 1, "content_type": 13}}, {"pk": 28, "model": "admin.logentry", "fields": {"action_flag": 1, "action_time": "2014-07-30T00:38:53.073Z", "object_repr": "Sword", "object_id": "9", "change_message": "", "user": 1, "content_type": 8}}, {"pk": 29, "model": "admin.logentry", "fields": {"action_flag": 1, "action_time": "2014-07-30T00:39:01.629Z", "object_repr": "Bow", "object_id": "10", "change_message": "", "user": 1, "content_type": 8}}, {"pk": 30, "model": "admin.logentry", "fields": {"action_flag": 1, "action_time": "2014-07-30T00:39:28.834Z", "object_repr": "Buddy", "object_id": "11", "change_message": "", "user": 1, "content_type": 14}}, {"pk": 31, "model": "admin.logentry", "fields": {"action_flag": 1, "action_time": "2014-07-30T00:39:38.024Z", "object_repr": "Bob", "object_id": "2", "change_message": "", "user": 1, "content_type": 15}}, {"pk": 32, "model": "admin.logentry", "fields": {"action_flag": 1, "action_time": "2014-07-30T00:40:15.039Z", "object_repr": "Den of Wild Rats", "object_id": "1", "change_message": "", "user": 1, "content_type": 17}}, {"pk": 33, "model": "admin.logentry", "fields": {"action_flag": 1, "action_time": "2014-07-30T00:40:29.533Z", "object_repr": "Chapter 1", "object_id": "1", "change_message": "", "user": 1, "content_type": 18}}, {"pk": 34, "model": "admin.logentry", "fields": {"action_flag": 1, "action_time": "2014-07-30T00:42:05.283Z", "object_repr": "Fool", "object_id": "3", "change_message": "", "user": 1, "content_type": 13}}, {"pk": 35, "model": "admin.logentry", "fields": {"action_flag": 1, "action_time": "2014-07-30T00:42:27.882Z", "object_repr": "Doofus McGoofus", "object_id": "12", "change_message": "", "user": 1, "content_type": 14}}, {"pk": 36, "model": "admin.logentry", "fields": {"action_flag": 1, "action_time": "2014-07-30T00:42:33.217Z", "object_repr": "Nate", "object_id": "3", "change_message": "", "user": 1, "content_type": 15}}, {"pk": 37, "model": "admin.logentry", "fields": {"action_flag": 1, "action_time": "2014-07-30T00:42:50.045Z", "object_repr": "Game 1", "object_id": "1", "change_message": "", "user": 1, "content_type": 19}}, {"pk": 38, "model": "admin.logentry", "fields": {"action_flag": 2, "action_time": "2014-07-30T00:42:55.701Z", "object_repr": "Game 1", "object_id": "1", "change_message": "No fields changed.", "user": 1, "content_type": 19}}, {"pk": 39, "model": "admin.logentry", "fields": {"action_flag": 2, "action_time": "2014-07-30T00:44:51.618Z", "object_repr": "1st Battle", "object_id": "1", "change_message": "Changed characters.", "user": 1, "content_type": 16}}, {"pk": 40, "model": "admin.logentry", "fields": {"action_flag": 2, "action_time": "2014-07-30T00:46:52.406Z", "object_repr": "Buddy", "object_id": "11", "change_message": "Changed sprite.", "user": 1, "content_type": 14}}, {"pk": 41, "model": "admin.logentry", "fields": {"action_flag": 2, "action_time": "2014-07-30T17:16:23.195Z", "object_repr": "Buddy", "object_id": "11", "change_message": "Changed sprite.", "user": 1, "content_type": 14}}, {"pk": 42, "model": "admin.logentry", "fields": {"action_flag": 2, "action_time": "2014-07-30T17:16:35.631Z", "object_repr": "Doofus McGoofus", "object_id": "12", "change_message": "Changed sprite.", "user": 1, "content_type": 14}}, {"pk": 43, "model": "admin.logentry", "fields": {"action_flag": 2, "action_time": "2014-07-30T17:16:47.631Z", "object_repr": "Rat King", "object_id": "10", "change_message": "Changed sprite.", "user": 1, "content_type": 14}}, {"pk": 44, "model": "admin.logentry", "fields": {"action_flag": 2, "action_time": "2014-07-30T17:16:57.058Z", "object_repr": "Rat Queen", "object_id": "9", "change_message": "Changed sprite.", "user": 1, "content_type": 14}}, {"pk": 45, "model": "admin.logentry", "fields": {"action_flag": 2, "action_time": "2014-07-30T17:17:02.653Z", "object_repr": "Rat Queen", "object_id": "9", "change_message": "No fields changed.", "user": 1, "content_type": 14}}, {"pk": 46, "model": "admin.logentry", "fields": {"action_flag": 2, "action_time": "2014-07-30T17:17:13.223Z", "object_repr": "Buddy", "object_id": "11", "change_message": "Changed sprite.", "user": 1, "content_type": 14}}, {"pk": 47, "model": "admin.logentry", "fields": {"action_flag": 2, "action_time": "2014-07-30T17:17:17.788Z", "object_repr": "Rat Queen", "object_id": "9", "change_message": "No fields changed.", "user": 1, "content_type": 14}}, {"pk": 48, "model": "admin.logentry", "fields": {"action_flag": 2, "action_time": "2014-07-30T17:17:26.766Z", "object_repr": "Wild Rat 4", "object_id": "8", "change_message": "Changed sprite.", "user": 1, "content_type": 14}}, {"pk": 49, "model": "admin.logentry", "fields": {"action_flag": 2, "action_time": "2014-07-30T17:17:34.804Z", "object_repr": "Wild Rat 3", "object_id": "7", "change_message": "Changed sprite.", "user": 1, "content_type": 14}}, {"pk": 50, "model": "admin.logentry", "fields": {"action_flag": 2, "action_time": "2014-07-30T17:17:42.563Z", "object_repr": "Venomous Rat 4", "object_id": "6", "change_message": "Changed sprite.", "user": 1, "content_type": 14}}, {"pk": 51, "model": "admin.logentry", "fields": {"action_flag": 2, "action_time": "2014-07-30T17:17:50.384Z", "object_repr": "Venomous Rat 3", "object_id": "5", "change_message": "Changed sprite.", "user": 1, "content_type": 14}}, {"pk": 52, "model": "admin.logentry", "fields": {"action_flag": 2, "action_time": "2014-07-30T17:17:54.482Z", "object_repr": "Venomous Rat 3", "object_id": "5", "change_message": "No fields changed.", "user": 1, "content_type": 14}}, {"pk": 53, "model": "admin.logentry", "fields": {"action_flag": 2, "action_time": "2014-07-30T17:18:01.861Z", "object_repr": "Venomous Rat 2", "object_id": "4", "change_message": "Changed sprite.", "user": 1, "content_type": 14}}, {"pk": 54, "model": "admin.logentry", "fields": {"action_flag": 2, "action_time": "2014-07-30T17:18:06.332Z", "object_repr": "Venomous Rat 2", "object_id": "4", "change_message": "No fields changed.", "user": 1, "content_type": 14}}, {"pk": 55, "model": "admin.logentry", "fields": {"action_flag": 2, "action_time": "2014-07-30T17:18:13.243Z", "object_repr": "Venomous Rat 1", "object_id": "3", "change_message": "Changed sprite.", "user": 1, "content_type": 14}}, {"pk": 56, "model": "admin.logentry", "fields": {"action_flag": 2, "action_time": "2014-07-30T17:18:20.195Z", "object_repr": "Wild Rat 2", "object_id": "2", "change_message": "Changed sprite.", "user": 1, "content_type": 14}}, {"pk": 57, "model": "admin.logentry", "fields": {"action_flag": 2, "action_time": "2014-07-30T17:18:27.812Z", "object_repr": "Wild Rat", "object_id": "1", "change_message": "Changed sprite.", "user": 1, "content_type": 14}}, {"pk": 58, "model": "admin.logentry", "fields": {"action_flag": 2, "action_time": "2014-07-30T17:21:37.314Z", "object_repr": "Venomous Rat 1", "object_id": "3", "change_message": "No fields changed.", "user": 1, "content_type": 14}}, {"pk": 59, "model": "admin.logentry", "fields": {"action_flag": 2, "action_time": "2014-07-30T17:21:47.023Z", "object_repr": "Doofus McGoofus", "object_id": "12", "change_message": "Changed color.", "user": 1, "content_type": 14}}, {"pk": 60, "model": "admin.logentry", "fields": {"action_flag": 2, "action_time": "2014-07-30T17:21:59.575Z", "object_repr": "Buddy", "object_id": "11", "change_message": "Changed color.", "user": 1, "content_type": 14}}, {"pk": 61, "model": "admin.logentry", "fields": {"action_flag": 2, "action_time": "2014-07-30T17:22:08.615Z", "object_repr": "Rat King", "object_id": "10", "change_message": "Changed color.", "user": 1, "content_type": 14}}, {"pk": 62, "model": "admin.logentry", "fields": {"action_flag": 2, "action_time": "2014-07-30T17:22:18.123Z", "object_repr": "Rat Queen", "object_id": "9", "change_message": "Changed color.", "user": 1, "content_type": 14}}, {"pk": 63, "model": "admin.logentry", "fields": {"action_flag": 2, "action_time": "2014-07-30T17:22:26.333Z", "object_repr": "Wild Rat 4", "object_id": "8", "change_message": "Changed color.", "user": 1, "content_type": 14}}, {"pk": 64, "model": "admin.logentry", "fields": {"action_flag": 2, "action_time": "2014-07-30T17:22:35.078Z", "object_repr": "Wild Rat 3", "object_id": "7", "change_message": "Changed color.", "user": 1, "content_type": 14}}, {"pk": 65, "model": "admin.logentry", "fields": {"action_flag": 2, "action_time": "2014-07-30T17:23:01.417Z", "object_repr": "Venomous Rat 4", "object_id": "6", "change_message": "Changed color.", "user": 1, "content_type": 14}}, {"pk": 66, "model": "admin.logentry", "fields": {"action_flag": 2, "action_time": "2014-07-30T17:23:09.507Z", "object_repr": "Venomous Rat 3", "object_id": "5", "change_message": "Changed color.", "user": 1, "content_type": 14}}, {"pk": 67, "model": "admin.logentry", "fields": {"action_flag": 2, "action_time": "2014-07-30T17:23:16.863Z", "object_repr": "Venomous Rat 2", "object_id": "4", "change_message": "Changed color.", "user": 1, "content_type": 14}}, {"pk": 68, "model": "admin.logentry", "fields": {"action_flag": 2, "action_time": "2014-07-30T17:23:23.391Z", "object_repr": "Venomous Rat 1", "object_id": "3", "change_message": "Changed color.", "user": 1, "content_type": 14}}, {"pk": 69, "model": "admin.logentry", "fields": {"action_flag": 2, "action_time": "2014-07-30T17:23:28.789Z", "object_repr": "Wild Rat 2", "object_id": "2", "change_message": "Changed color.", "user": 1, "content_type": 14}}, {"pk": 70, "model": "admin.logentry", "fields": {"action_flag": 2, "action_time": "2014-07-30T17:23:35.295Z", "object_repr": "Wild Rat", "object_id": "1", "change_message": "Changed color.", "user": 1, "content_type": 14}}, {"pk": 71, "model": "admin.logentry", "fields": {"action_flag": 2, "action_time": "2014-07-30T17:24:40.066Z", "object_repr": "Wild Rat 3", "object_id": "7", "change_message": "Changed color.", "user": 1, "content_type": 14}}, {"pk": 72, "model": "admin.logentry", "fields": {"action_flag": 2, "action_time": "2014-07-30T17:24:51.908Z", "object_repr": "Wild Rat 4", "object_id": "8", "change_message": "Changed color.", "user": 1, "content_type": 14}}, {"pk": 73, "model": "admin.logentry", "fields": {"action_flag": 2, "action_time": "2014-07-30T17:26:56.012Z", "object_repr": "Rat Queen", "object_id": "9", "change_message": "Changed color.", "user": 1, "content_type": 14}}, {"pk": 74, "model": "admin.logentry", "fields": {"action_flag": 2, "action_time": "2014-07-30T17:27:10.766Z", "object_repr": "Wild Rat 3", "object_id": "7", "change_message": "Changed color.", "user": 1, "content_type": 14}}, {"pk": 75, "model": "admin.logentry", "fields": {"action_flag": 2, "action_time": "2014-07-30T17:28:10.004Z", "object_repr": "Wild Rat 3", "object_id": "7", "change_message": "Changed color.", "user": 1, "content_type": 14}}]